#TITLE;KEY;VALUE;SWMH
k_carinthia;k_carinthia;;Kärnten
k_carinthia;k_carinthia_adj;;Kärntenische
k_carinthia;name_tier;;duke
d_carinthia;d_carinthia;;Kärnten
d_carinthia;d_carinthia_adj;;Kärntnische
d_carinthia;greek;;Noricum Mediterraneum
d_carinthia;roman;;Noricum Mediterraneum
c_krain;PROV457;;Carniola
c_krain;c_krain_adj;;Krainian
c_krain;foa;;MARGRAVE_FOA
c_krain;title;;MARGRAVE
c_krain;title_female;;MARGRAVINE
c_krain;title_prefix;;MARGRAVE_OF
b_auersperg;b_auersperg;;Auersperg
b_auersperg;b_auersperg_adj;;
b_krainburg;b_krainburg;;Krainburg
b_krainburg;b_krainburg_adj;;
b_krainburg;greek;;Carnium
b_krainburg;roman;;Carnium
b_sittich;b_sittich;;Sittich
b_sittich;b_sittich_adj;;
b_bischoflack;b_bischoflack;;Bischoflack
b_bischoflack;b_bischoflack_adj;;
b_bischoflack;karantanci;;Škofja Loka
c_gorz;PROV1247;;Görz
c_gorz;c_gorz_adj;;Görzische
b_gorz;b_gorz;;Görz
b_gorz;b_gorz_adj;;
b_gorz;karantanci;;Gorica
b_grado;b_grado;;Grado
b_grado;b_grado_adj;;
b_vrtojba;b_vrtojba;;Vrtojba
b_vrtojba;b_vrtojba_adj;;
c_karnten;PROV456;;Kärnten
c_karnten;c_karnten_adj;;Karntenian
b_friesach;b_friesach;;Friesach
b_friesach;b_friesach_adj;;
b_sanktveit;b_sanktveit;;Sanktveit
b_sanktveit;b_sanktveit_adj;;
b_klagenfurt;b_klagenfurt;;Klagenfurt
b_klagenfurt;b_klagenfurt_adj;;
b_gurk;b_gurk;;Gurk
b_gurk;b_gurk_adj;;
b_karnburg;b_karnburg;;Karnburg
b_karnburg;b_karnburg_adj;;
b_karnburg;bohemian;;Kranj
b_karnburg;bosnian;;Krnskigrad
b_karnburg;bulgarian;;Krnskigrad
b_karnburg;croatian;;Krnskigrad
b_karnburg;karantanci;;Krnskigrad
b_karnburg;moravian;;Kranj
b_karnburg;polish;;Krnskigrad
b_karnburg;pommeranian;;Krnskigrad
b_karnburg;russian;;Krnskigrad
b_karnburg;serbian;;Krnskigrad
d_istria;d_istria;;Istra
d_istria;d_istria_adj;;Istrian
d_istria;bohemian;;Istrie
d_istria;bosnian;;Istra
d_istria;bulgarian;;Istra
d_istria;croatian;;Istra
d_istria;german;;Istrien
d_istria;d_istria_adj_german;;Istrische
d_istria;greek;;Histria
d_istria;hungarian;;Isztria
d_istria;karantanci;;Istra
d_istria;moravian;;Istria
d_istria;polish;;Istra
d_istria;pommeranian;;Istra
d_istria;roman;;Histria
d_istria;russian;;Istra
d_istria;serbian;;Istra
d_istria;szekely;;Isztria
d_istria;foa;;MARGRAVE_FOA
d_istria;title;;MARGRAVE
d_istria;title_female;;MARGRAVINE
d_istria;title_prefix;;MARGRAVE_OF
c_istria;PROV458;;Merania
c_istria;c_istria_adj;;Istrian
c_istria;bavarian;;Meranien
c_istria;bohemian;;Merano
c_istria;bosnian;;Meranije
c_istria;bulgarian;;Meranije
c_istria;central_italian;;Merano
c_istria;corsican;;Merano
c_istria;croatian;;Meranije
c_istria;dalmatian;;Merano
c_istria;dutch;;Meranien
c_istria;franconian;;Meranien
c_istria;german;;Meranien
c_istria;greek;;Meraniae
c_istria;hungarian;;Meránia
c_istria;italian;;Merano
c_istria;karantanci;;Meranije
c_istria;ligurian;;Merano
c_istria;low_frankish;;Meranien
c_istria;low_german;;Meranien
c_istria;low_saxon;;Meranien
c_istria;moravian;;Merano
c_istria;neapolitan;;Merano
c_istria;polish;;Meranije
c_istria;pommeranian;;Meranije
c_istria;roman;;Meraniae
c_istria;russian;;Meranije
c_istria;sardinian;;Merano
c_istria;serbian;;Meranije
c_istria;sicilian;;Merano
c_istria;southern_italian;;Merano
c_istria;swabian;;Meranien
c_istria;szekely;;Meránia
c_istria;thuringian;;Meranien
c_istria;tuscan;;Merano
c_istria;venetian;;Merano
b_mitterburg;b_mitterburg;;Pisino
b_mitterburg;b_mitterburg_adj;;
b_mitterburg;alan;;Pisinón
b_mitterburg;arberian;;Pisinón
b_mitterburg;armenian;;Pisinón
b_mitterburg;bohemian;;Pazin
b_mitterburg;bosnian;;Pazin
b_mitterburg;bulgarian;;Pazin
b_mitterburg;croatian;;Pazin
b_mitterburg;east_gothic;;Pisinón
b_mitterburg;georgian;;Pisinón
b_mitterburg;german;;Mitterburg
b_mitterburg;greek;;Pisinón
b_mitterburg;karantanci;;Pazin
b_mitterburg;moravian;;Pazin
b_mitterburg;polish;;Pazin
b_mitterburg;pommeranian;;Pazin
b_mitterburg;roman;;Pisinum
b_mitterburg;russian;;Pazin
b_mitterburg;serbian;;Pazin
b_mitterburg;venetian;;Pixin
b_motovun;b_motovun;;Montona
b_motovun;b_motovun_adj;;
b_motovun;bohemian;;Motovun
b_motovun;bosnian;;Motovun
b_motovun;bulgarian;;Motovun
b_motovun;croatian;;Motovun
b_motovun;east_gothic;;Montana
b_motovun;greek;;Montana
b_motovun;karantanci;;Motovun
b_motovun;moravian;;Motovun
b_motovun;polish;;Motovun
b_motovun;pommeranian;;Motovun
b_motovun;roman;;Montana
b_motovun;russian;;Motovun
b_motovun;serbian;;Motovun
b_pican;b_pican;;Pedena
b_pican;b_pican_adj;;
b_pican;alan;;Petina
b_pican;arberian;;Petina
b_pican;armenian;;Petina
b_pican;bohemian;;Pican
b_pican;bosnian;;Pican
b_pican;bulgarian;;Pican
b_pican;croatian;;Pican
b_pican;east_gothic;;Petina
b_pican;georgian;;Petina
b_pican;german;;Piben
b_pican;greek;;Petina
b_pican;karantanci;;Pican
b_pican;moravian;;Pican
b_pican;polish;;Pican
b_pican;pommeranian;;Pican
b_pican;roman;;Petina
b_pican;russian;;Pican
b_pican;serbian;;Pican
c_trieste;PROV958;;Duino
c_trieste;c_trieste_adj;;Triestino
c_trieste;east_gothic;;Tergeste
c_trieste;greek;;Tergeste
c_trieste;roman;;Tergeste
b_triest;b_triest;;Trieste
b_triest;b_triest_adj;;
b_triest;bavarian;;Triest
b_triest;bohemian;;Terst
b_triest;bosnian;;Trst
b_triest;bulgarian;;Trst
b_triest;croatian;;Trst
b_triest;dutch;;Triest
b_triest;east_gothic;;Tergeste
b_triest;franconian;;Triest
b_triest;german;;Triest
b_triest;greek;;Tergeste
b_triest;hungarian;;Trieszt
b_triest;karantanci;;Trst
b_triest;low_frankish;;Triest
b_triest;low_german;;Triest
b_triest;low_saxon;;Triest
b_triest;moravian;;Terst
b_triest;polish;;Trst
b_triest;pommeranian;;Trst
b_triest;roman;;Tergeste
b_triest;russian;;Trst
b_triest;serbian;;Trst
b_triest;swabian;;Triest
b_triest;szekely;;Trieszt
b_triest;thuringian;;Triest
b_triest;venetian;;Trièst
b_pula;b_pula;;Pula
b_pula;b_pula_adj;;
b_pula;bavarian;;Polei
b_pula;bohemian;;Pula
b_pula;bosnian;;Pulj
b_pula;bulgarian;;Pulj
b_pula;croatian;;Pulj
b_pula;dutch;;Polei
b_pula;east_gothic;;Pola
b_pula;franconian;;Polei
b_pula;german;;Polei
b_pula;greek;;Pola
b_pula;hungarian;;Póla
b_pula;karantanci;;Pulj
b_pula;low_frankish;;Polei
b_pula;low_german;;Polei
b_pula;low_saxon;;Polei
b_pula;moravian;;Pula
b_pula;polish;;Pulj
b_pula;pommeranian;;Pulj
b_pula;roman;;Pola
b_pula;russian;;Pulj
b_pula;serbian;;Pulj
b_pula;swabian;;Polei
b_pula;szekely;;Póla
b_pula;thuringian;;Polei
b_pirano;b_pirano;;Piran
b_pirano;b_pirano_adj;;
b_pirano;bavarian;;Pirian
b_pirano;bohemian;;Piran
b_pirano;bosnian;;Piran
b_pirano;bulgarian;;Piran
b_pirano;croatian;;Piran
b_pirano;dutch;;Pirian
b_pirano;east_gothic;;Piranòn
b_pirano;franconian;;Pirian
b_pirano;german;;Pirian
b_pirano;greek;;Piranòn
b_pirano;karantanci;;Piran
b_pirano;low_frankish;;Pirian
b_pirano;low_german;;Pirian
b_pirano;low_saxon;;Pirian
b_pirano;moravian;;Piran
b_pirano;polish;;Piran
b_pirano;pommeranian;;Piran
b_pirano;roman;;Pyrrhanum
b_pirano;russian;;Piran
b_pirano;serbian;;Piran
b_pirano;swabian;;Pirian
b_pirano;thuringian;;Pirian
b_koper;b_koper;;Koper
b_koper;b_koper_adj;;
b_koper;bavarian;;Gafers
b_koper;bohemian;;Koper
b_koper;bosnian;;Koper
b_koper;bulgarian;;Koper
b_koper;croatian;;Kopar
b_koper;dutch;;Gafers
b_koper;east_gothic;;Aegida
b_koper;franconian;;Gafers
b_koper;german;;Gafers
b_koper;greek;;Aegida
b_koper;karantanci;;Koper
b_koper;low_frankish;;Gafers
b_koper;low_german;;Gafers
b_koper;low_saxon;;Gafers
b_koper;moravian;;Koper
b_koper;polish;;Koper
b_koper;pommeranian;;Koper
b_koper;roman;;Capris
b_koper;russian;;Koper
b_koper;serbian;;Koper
b_koper;swabian;;Gafers
b_koper;thuringian;;Gafers
b_duino;b_duino;;Duino
b_duino;b_duino_adj;;
b_duino;bavarian;;Thübein
b_duino;bohemian;;Devin
b_duino;bosnian;;Devin
b_duino;bulgarian;;Devin
b_duino;croatian;;Devin
b_duino;dutch;;Thübein
b_duino;east_gothic;;Duinón
b_duino;franconian;;Thübein
b_duino;german;;Thübein
b_duino;greek;;Duinón
b_duino;karantanci;;Devin
b_duino;low_frankish;;Thübein
b_duino;low_german;;Thübein
b_duino;low_saxon;;Thübein
b_duino;moravian;;Devin
b_duino;polish;;Devin
b_duino;pommeranian;;Devin
b_duino;roman;;Duina
b_duino;russian;;Devin
b_duino;serbian;;Devin
b_duino;swabian;;Thübein
b_duino;thuringian;;Thübein
d_aquileia;d_aquileia;;Friùli
d_aquileia;d_aquileia_adj;;Friulano
c_aquileia;PROV358;;Aquileia
c_aquileia;c_aquileia_adj;;Aquileian
c_aquileia;east_gothic;;Akouileia
c_aquileia;greek;;Akouileia
b_aquileia;b_aquileia;;Olee
b_aquileia;b_aquileia_adj;;
b_aquileia;east_gothic;;Akouileia
b_aquileia;greek;;Akouileia
b_udine;b_udine;;Udin
b_udine;b_udine_adj;;
b_motta;b_motta;;Mota de Livensa
b_motta;b_motta_adj;;
b_concordia;b_concordia;;Concordia
b_concordia;b_concordia_adj;;
e_italy;e_italy;;Italia
e_italy;e_italy_adj;;Italiano
k_genoa;k_genoa;;Genoa
k_genoa;k_genoa_adj;;Genoese
k_pisa;k_pisa;;Pisa
k_pisa;k_pisa_adj;;Pisan
k_italy;k_italy;;Lombardia
k_italy;k_italy_adj;;Lombardian
k_italy;greek;;Annonaria
k_italy;roman;;Italia Annonaria
d_lombardia;d_lombardia;;Milan
d_lombardia;d_lombardia_adj;;Milanese
c_lombardia;PROV235;;Milano
c_lombardia;c_lombardia_adj;;Lombard
c_lombardia;greek;;Mediolanion
c_lombardia;roman;;Mediolanium
b_milano;b_milano;;Milan
b_milano;b_milano_adj;;
b_milano;greek;;Mediolanion
b_milano;roman;;Mediolanium
b_monza;b_monza;;Monscia
b_monza;b_monza_adj;;
b_monza;greek;;Modika
b_monza;roman;;Modica
b_lodi;b_lodi;;Lod
b_lodi;b_lodi_adj;;
b_lodi;greek;;Laus Pompeia
b_lodi;roman;;Laus Pompeia
b_lecco;b_lecco;;Lecch
b_lecco;b_lecco_adj;;
b_abbaziadichiaravalle;b_abbaziadichiaravalle;;Munasteri de Ceravall
b_abbaziadichiaravalle;b_abbaziadichiaravalle_adj;;
b_trezzosulladda;b_trezzosulladda;;Trezz
b_trezzosulladda;b_trezzosulladda_adj;;
b_rhomilano;b_rhomilano;;Rò
b_rhomilano;b_rhomilano_adj;;
c_brescia;PROV318;;Brescia
c_brescia;c_brescia_adj;;Brescian
c_brescia;greek;;Brixia
c_brescia;roman;;Brixia
b_brescia;b_brescia;;Brèsa
b_brescia;b_brescia_adj;;
b_brescia;greek;;Brixia
b_brescia;roman;;Brixia
b_saloitalia;b_saloitalia;;Salò
b_saloitalia;b_saloitalia_adj;;
b_sirmione;b_sirmione;;Sirmiù
b_sirmione;b_sirmione_adj;;
b_sirmione;greek;;Sirmio
b_sirmione;roman;;Sirmio
b_monestariosantifaustineegiovita;b_monestariosantifaustineegiovita;;Munaster di Sant Faustino e Giovita
b_monestariosantifaustineegiovita;b_monestariosantifaustineegiovita_adj;;
c_bergamo;PROV1125;;Bergamo
c_bergamo;c_bergamo_adj;;Bergamasco
c_bergamo;greek;;Bergomon
c_bergamo;roman;;Bergomum
b_bergamo;b_bergamo;;Bèrghem
b_bergamo;b_bergamo_adj;;
b_bergamo;greek;;Bergomon
b_bergamo;roman;;Bergomum
b_treviglio;b_treviglio;;Trèì
b_treviglio;b_treviglio_adj;;
b_castellodimalpaga;b_castellodimalpaga;;Castell de Malpaga
b_castellodimalpaga;b_castellodimalpaga_adj;;
b_albino;b_albino;;Albì
b_albino;b_albino_adj;;
b_monasterodiastino;b_monasterodiastino;;Munasteri de Astìno
b_monasterodiastino;b_monasterodiastino_adj;;
c_pavia;PROV234;;Pavia
c_pavia;c_pavia_adj;;Pavian
c_pavia;greek;;Tikinon
c_pavia;roman;;Ticinum
b_pavia;b_pavia;;Pavia
b_pavia;b_pavia_adj;;
b_pavia;greek;;Tikinon
b_pavia;roman;;Ticinum
b_voghera;b_voghera;;Vughera
b_voghera;b_voghera_adj;;
b_vigevano;b_vigevano;;Vigévan
b_vigevano;b_vigevano_adj;;
b_monasterodisanpietroincieldoro;b_monasterodisanpietroincieldoro;;Munasteri de San Peder in ciel d'or
b_monasterodisanpietroincieldoro;b_monasterodisanpietroincieldoro_adj;;
b_lomello;b_lomello;;Lümé
b_lomello;b_lomello_adj;;
c_cremona;PROV320;;Cremona
c_cremona;c_cremona_adj;;Cremonian
c_cremona;greek;;Kremone
b_cremona;b_cremona;;Cremùna
b_cremona;b_cremona_adj;;
b_cremona;greek;;Kremone
b_crema;b_crema;;Crèma
b_crema;b_crema_adj;;
b_sospiro;b_sospiro;;Suspir
b_sospiro;b_sospiro_adj;;
b_soncino;b_soncino;;Suncin
b_soncino;b_soncino_adj;;
d_como;d_como;;Como
d_como;d_como_adj;;Comoan
c_como;PROV1142;;Como
c_como;c_como_adj;;Comasco
c_como;greek;;Komon
c_como;roman;;Comum
b_como;b_como;;Comm
b_como;b_como_adj;;
b_como;greek;;Komon
b_como;roman;;Comum
b_castellodibaradello;b_castellodibaradello;;Castell Baradell
b_castellodibaradello;b_castellodibaradello_adj;;
b_legnano;b_legnano;;Legnan
b_legnano;b_legnano_adj;;
b_sondrio;b_sondrio;;Sundri
b_sondrio;b_sondrio_adj;;
b_lugano;b_lugano;;Lügàn
b_lugano;b_lugano_adj;;
c_grisons;PROV246;;Ticino
c_grisons;c_grisons_adj;;Grisonian
c_grisons;greek;;Bilitio
c_grisons;roman;;Bilitio
b_bellinzona;b_bellinzona;;Belinzona
b_bellinzona;b_bellinzona_adj;;
b_bellinzona;greek;;Bilitio
b_bellinzona;roman;;Bilitio
b_biasca;b_biasca;;Biasca
b_biasca;b_biasca_adj;;
b_musso;b_musso;;Muss
b_musso;b_musso_adj;;
c_sepiro;PROV1290;;Sepiro
c_sepiro;c_sepiro_adj;;Sepriese
b_castellodesepiro;b_castellodesepiro;;Sepiro
b_castellodesepiro;b_castellodesepiro_adj;;
b_locarno;b_locarno;;Locarn
b_locarno;b_locarno_adj;;
b_arona;b_arona;;Aruna
b_arona;b_arona_adj;;
b_turbigo;b_turbigo;;Turbigh
b_turbigo;b_turbigo_adj;;
b_varese;b_varese;;Varés
b_varese;b_varese_adj;;
b_varese;greek;;Baretion
b_varese;roman;;Baretium
d_verona;d_verona;;Verona
d_verona;d_verona_adj;;Veronian
d_verona;greek;;Venetia
d_verona;roman;;Venetia
d_verona;foa;;MARGRAVE_FOA
d_verona;title;;MARGRAVE
d_verona;title_female;;MARGRAVINE
d_verona;title_prefix;;MARGRAVE_OF
c_treviso;PROV357;;Treviso
c_treviso;c_treviso_adj;;Trevisian
c_treviso;greek;;Tarbision
c_treviso;roman;;Tarvisium
b_treviso;b_treviso;;Trevixo
b_treviso;b_treviso_adj;;
b_treviso;greek;;Tarbision
b_treviso;roman;;Tarvisium
b_oderzo;b_oderzo;;Oderso
b_oderzo;b_oderzo_adj;;
b_ceneda;b_ceneda;;Ceneda
b_ceneda;b_ceneda_adj;;
b_castellodicisondivalmarino;b_castellodicisondivalmarino;;Castelo de Cixon de Valmarin
b_castellodicisondivalmarino;b_castellodicisondivalmarino_adj;;
b_castellodimartellago;b_castellodimartellago;;Castelo de Marteago
b_castellodimartellago;b_castellodimartellago_adj;;
c_bassano;PROV1131;;Vicenza
c_bassano;c_bassano_adj;;Bassanese
c_bassano;greek;;Ouïketía
c_bassano;roman;;Vicetia
b_bassano;b_bassano;;Basan
b_bassano;b_bassano_adj;;
b_vicenza;b_vicenza;;Vicensa
b_vicenza;b_vicenza_adj;;
b_vicenza;greek;;Ouïketía
b_vicenza;roman;;Vicetia
b_castelfranco;b_castelfranco;;Castelfranco
b_castelfranco;b_castelfranco_adj;;
b_schio;b_schio;;Schio
b_schio;b_schio_adj;;
b_castellodegliezzelini;b_castellodegliezzelini;;Castelo de li Exelini
b_castellodegliezzelini;b_castellodegliezzelini_adj;;
c_verona;PROV319;;Verona
c_verona;c_verona_adj;;Veronian
c_verona;greek;;Ouerona
b_verona;b_verona;;Verona
b_verona;b_verona_adj;;
b_verona;greek;;Ouerona
b_peschiera;b_peschiera;;Peschiera del Garda
b_peschiera;b_peschiera_adj;;
b_lonigo;b_lonigo;;Lonigo
b_lonigo;b_lonigo_adj;;
b_castellodicalmano;b_castellodicalmano;;Castelo de Calmano
b_castellodicalmano;b_castellodicalmano_adj;;
b_abbaziadisanzeno;b_abbaziadisanzeno;;Abasia de San Zeno
b_abbaziadisanzeno;b_abbaziadisanzeno_adj;;
c_padova;PROV355;;Padua
c_padova;c_padova_adj;;Padovian
c_padova;greek;;Pataouion
c_padova;roman;;Patavium
b_padova;b_padova;;Pàdoa
b_padova;b_padova_adj;;
b_padova;greek;;Pataouion
b_padova;roman;;Patavium
b_carrrareapadua;b_carrrareapadua;;Do Carare
b_carrrareapadua;b_carrrareapadua_adj;;
b_abbaziadisantostefano;b_abbaziadisantostefano;;Abasia de Santo Stefano
b_abbaziadisantostefano;b_abbaziadisantostefano_adj;;
b_citadella;b_citadella;;Citadella
b_citadella;b_citadella_adj;;
d_parma;d_parma;;Parma
d_parma;d_parma_adj;;Parmese
d_parma;greek;;Aemilia
d_parma;roman;;Aemilia
c_parma;PROV321;;Parma
c_parma;c_parma_adj;;Parmian
b_parma;b_parma;;Pärma
b_parma;b_parma_adj;;
b_montechiarugolo;b_montechiarugolo;;Montcrüghel
b_montechiarugolo;b_montechiarugolo_adj;;
b_felino;b_felino;;Flén
b_felino;b_felino_adj;;
b_berceto;b_berceto;;Barsäi
b_berceto;b_berceto_adj;;
c_piacenza;PROV1124;;Piacenza
c_piacenza;c_piacenza_adj;;Piacentino
c_piacenza;greek;;Plakentia
c_piacenza;roman;;Placentia
b_fidenza;b_fidenza;;Burägh San Dunén
b_fidenza;b_fidenza_adj;;
b_fidenza;greek;;Phidentia
b_fidenza;roman;;Fidentia
b_piacenza;b_piacenza;;Piasëinsa
b_piacenza;b_piacenza_adj;;
b_piacenza;greek;;Plakentia
b_piacenza;roman;;Placentia
b_bardipiacenza;b_bardipiacenza;;Bàrdi
b_bardipiacenza;b_bardipiacenza_adj;;
b_abbaziadisansavino;b_abbaziadisansavino;;Badéia ed Savëin
b_abbaziadisansavino;b_abbaziadisansavino_adj;;
b_roccadolgisio;b_roccadolgisio;;Ròca d Olgisio
b_roccadolgisio;b_roccadolgisio_adj;;
d_susa;d_susa;;Piemonte
d_susa;d_susa_adj;;Piemontese
d_susa;greek;;Alpes Cottiae
d_susa;roman;;Alpes Cottiae
c_saluzzo;PROV231;;Saluzzo
c_saluzzo;c_saluzzo_adj;;Saluzzian
c_saluzzo;foa;;MARQUISATE_FOA
c_saluzzo;title;;MARQUISATE
c_saluzzo;title_female;;MARCHESA
c_saluzzo;title_prefix;;MARQUISATE_OF
b_saluzzo;b_saluzzo;;Salusse
b_saluzzo;b_saluzzo_adj;;
b_cuneo;b_cuneo;;Coni
b_cuneo;b_cuneo_adj;;
b_racconigi;b_racconigi;;Racunis
b_racconigi;b_racconigi_adj;;
b_abbziadisandalmass;b_abbziadisandalmass;;Abassìa ëd San Dalmassi
b_abbziadisandalmass;b_abbziadisandalmass_adj;;
c_novara;PROV1046;;Novara
c_novara;c_novara_adj;;Novarese
c_novara;greek;;Novaria
c_novara;roman;;Novaria
b_novara;b_novara;;Noara
b_novara;b_novara_adj;;
b_novara;greek;;Novaria
b_novara;roman;;Novaria
b_domodossola;b_domodossola;;Ël Dòm
b_domodossola;b_domodossola_adj;;
b_nibbiola;b_nibbiola;;Nibiola
b_nibbiola;b_nibbiola_adj;;
c_ivrea;PROV1130;;Ivrea
c_ivrea;c_ivrea_adj;;Eporediese
c_ivrea;greek;;Eporedia
c_ivrea;roman;;Eporedia
c_ivrea;foa;;MARQUISATE_FOA
c_ivrea;title;;MARQUISATE
c_ivrea;title_female;;MARCHESA
c_ivrea;title_prefix;;MARQUISATE_OF
b_ivrea;b_ivrea;;Invreja
b_ivrea;b_ivrea_adj;;
b_ivrea;greek;;Eporedia
b_ivrea;roman;;Eporedia
b_biella;b_biella;;Biela
b_biella;b_biella_adj;;
b_vercelli;b_vercelli;;Vërsèj
b_vercelli;b_vercelli_adj;;
b_vercelli;greek;;Ouerkellai
b_vercelli;roman;;Vercellae
b_santhia;b_santhia;;Santià
b_santhia;b_santhia_adj;;
c_piemonte;PROV236;;Susa
c_piemonte;c_piemonte_adj;;Piemontian
c_piemonte;greek;;Augousta Taurinon
c_piemonte;roman;;Augusta Taurinorum
b_torino;b_torino;;Turén
b_torino;b_torino_adj;;
b_torino;greek;;Augousta Taurinon
b_torino;roman;;Augusta Taurinorum
b_settimo;b_settimo;;Ël Seto
b_settimo;b_settimo_adj;;
b_moncalieri;b_moncalieri;;Moncalé
b_moncalieri;b_moncalieri_adj;;
b_abbadiaalpina;b_abbadiaalpina;;La Badìa
b_abbadiaalpina;b_abbadiaalpina_adj;;
b_susapiemonte;b_susapiemonte;;Susa
b_susapiemonte;b_susapiemonte_adj;;
b_susapiemonte;greek;;Segousion
b_susapiemonte;roman;;Segusio
d_monferrato;d_monferrato;;Monferrato
d_monferrato;d_monferrato_adj;;Monferratian
c_monferrato;PROV232;;Monferrato
c_monferrato;c_monferrato_adj;;Monferratian
c_monferrato;greek;;Asta
c_monferrato;roman;;Hasta
c_monferrato;foa;;MARQUISATE_FOA
c_monferrato;title;;MARQUISATE
c_monferrato;title_female;;MARCHESA
c_monferrato;title_prefix;;MARQUISATE_OF
b_alessandria;b_alessandria;;Lissandria
b_alessandria;b_alessandria_adj;;
b_casale;b_casale;;Casal Monfrà
b_casale;b_casale_adj;;
b_asti;b_asti;;Ast
b_asti;b_asti_adj;;
b_asti;greek;;Asta
b_asti;roman;;Hasta
b_acqui;b_acqui;;Àich
b_acqui;b_acqui_adj;;
b_acqui;greek;;Akouai Statiella
b_acqui;roman;;Aquae Statiellae
b_chivasso;b_chivasso;;Civass
b_chivasso;b_chivasso_adj;;
b_castellodigabiano;b_castellodigabiano;;Castello di Gabian
b_castellodigabiano;b_castellodigabiano_adj;;
c_bobbio;PROV1140;;Bobbio
c_bobbio;c_bobbio_adj;;Bobbiese
c_bobbio;greek;;Bobion
c_bobbio;roman;;Bobium
b_bobbio;b_bobbio;;Bòbi
b_bobbio;b_bobbio_adj;;
b_bobbio;greek;;Bobion
b_bobbio;roman;;Bobium
b_tortona;b_tortona;;Tortòna
b_tortona;b_tortona_adj;;
b_tortona;greek;;Derthon
b_tortona;roman;;Dertona
b_fortunago;b_fortunago;;Fortünagh
b_fortunago;b_fortunago_adj;;
b_abizziadisancolombano;b_abizziadisancolombano;;Badéia ed San Columban
b_abizziadisancolombano;b_abizziadisancolombano_adj;;
d_genoa;d_genoa;;Genova
d_genoa;d_genoa_adj;;Genovesan
c_genoa;PROV233;;Genova
c_genoa;c_genoa_adj;;Genoese
c_genoa;greek;;Genoua
c_genoa;roman;;Genua
b_genoa;b_genoa;;Zena
b_genoa;b_genoa_adj;;
b_genoa;greek;;Genoua
b_genoa;roman;;Genua
b_rapallo;b_rapallo;;Rapallo
b_rapallo;b_rapallo_adj;;
b_lerici;b_lerici;;Lerze
b_lerici;b_lerici_adj;;
b_portofino;b_portofino;;Portofin
b_portofino;b_portofino_adj;;
b_sestrilevanti;b_sestrilevanti;;Sestri Levante
b_sestrilevanti;b_sestrilevanti_adj;;
b_sestrilevanti;greek;;Segesta
b_sestrilevanti;roman;;Segesta Tigulliorum
b_chiavari;b_chiavari;;Ciävai
b_chiavari;b_chiavari_adj;;
d_savona;d_savona;;Savona
d_savona;d_savona_adj;;Savonian
d_savona;foa;;MARQUISATE_FOA
d_savona;title;;MARQUISATE
d_savona;title_female;;MARCHESA
d_savona;title_prefix;;MARQUISATE_OF
c_savona;PROV1316;;Savona
c_savona;c_savona_adj;;Savonese
c_savona;greek;;Savo
c_savona;roman;;Savo
b_savona;b_savona;;Sànn-a
b_savona;b_savona_adj;;
b_savona;greek;;Savo
b_savona;roman;;Savo
b_albisolasuperiore;b_albisolasuperiore;;D’äto d’Arbisseua
b_albisolasuperiore;b_albisolasuperiore_adj;;
b_cairomontenotte;b_cairomontenotte;;Cairi
b_cairomontenotte;b_cairomontenotte_adj;;
b_noliligure;b_noliligure;;Nöi
b_noliligure;b_noliligure_adj;;
b_castellodimonteursino;b_castellodimonteursino;;Castello di Monte Ursino
b_castellodimonteursino;b_castellodimonteursino_adj;;
c_finale;PROV1129;;Finale
c_finale;c_finale_adj;;Finalese
c_finale;greek;;Albingaunon
c_finale;roman;;Album Ingaunum
c_finale;foa;;MARQUISATE_FOA
c_finale;title;;MARQUISATE
c_finale;title_female;;MARCHESA
c_finale;title_prefix;;MARQUISATE_OF
b_albenga;b_albenga;;Arbenga
b_albenga;b_albenga_adj;;
b_albenga;greek;;Albingaunon
b_albenga;roman;;Album Ingaunum
b_oneglia;b_oneglia;;Inéja
b_oneglia;b_oneglia_adj;;
b_finaleligure;b_finaleligure;;Finô
b_finaleligure;b_finaleligure_adj;;
c_ventimiglia;PROV1141;;Ventimiglia
c_ventimiglia;c_ventimiglia_adj;;Ventimigliese
c_ventimiglia;greek;;Albion Intemelion
c_ventimiglia;roman;;Albium Intemelium
b_ventimiglia;b_ventimiglia;;Ventemija
b_ventimiglia;b_ventimiglia_adj;;
b_ventimiglia;greek;;Albion Intemelion
b_ventimiglia;roman;;Albium Intemelium
b_monaco;b_monaco;;Munegu
b_monaco;b_monaco_adj;;
b_mentone;b_mentone;;Menton
b_mentone;b_mentone_adj;;
b_castellodellalucertola;b_castellodellalucertola;;Castello della Lucertola
b_castellodellalucertola;b_castellodellalucertola_adj;;
d_modena;d_modena;;Modena e Reggio
d_modena;d_modena_adj;;Modenan
d_modena;greek;;Moutine
d_modena;roman;;Mutina
c_modena;PROV322;;Modena
c_modena;c_modena_adj;;Modenian
c_modena;greek;;Moutine
c_modena;roman;;Mutina
b_modena;b_modena;;Mòdna
b_modena;b_modena_adj;;
b_modena;greek;;Moutine
b_modena;roman;;Mutina
b_carpi;b_carpi;;Chèrp
b_carpi;b_carpi_adj;;
b_abbaziadinonantola;b_abbaziadinonantola;;Badéia ed Nunàntla
b_abbaziadinonantola;b_abbaziadinonantola_adj;;
b_vignola;b_vignola;;Ròca d Vgnóla
b_vignola;b_vignola_adj;;
c_reggionellemilia;PROV957;;Reggio nell Emilia
c_reggionellemilia;c_reggionellemilia_adj;;Reggiano
c_reggionellemilia;greek;;Région Lepidon
c_reggionellemilia;roman;;Regium Lepidum
b_reggionellemila;b_reggionellemila;;Rèz
b_reggionellemila;b_reggionellemila_adj;;
b_reggionellemila;greek;;Région Lepidon
b_reggionellemila;roman;;Regium Lepidum
b_roccadicanossa;b_roccadicanossa;;Rôca Canosiâna
b_roccadicanossa;b_roccadicanossa_adj;;
b_albinea;b_albinea;;la Fôla
b_albinea;b_albinea_adj;;
b_pratofontana;b_pratofontana;;Prêfuntana
b_pratofontana;b_pratofontana_adj;;
c_frignano;PROV1122;;Frignano
c_frignano;c_frignano_adj;;Frignanese
b_castelnovo;b_castelnovo;;Castelnóv
b_castelnovo;b_castelnovo_adj;;
b_frignanomodena;b_frignanomodena;;Pavóll
b_frignanomodena;b_frignanomodena_adj;;
d_mantua;d_mantua;;Mantua
d_mantua;d_mantua_adj;;Mantuian
d_mantua;greek;;Mantoua
c_mantua;PROV354;;Mantua
c_mantua;c_mantua_adj;;Mantuian
c_mantua;greek;;Mantoua
b_mantua;b_mantua;;Mantua
b_mantua;b_mantua_adj;;
b_mantua;greek;;Mantoua
b_serravalle;b_serravalle;;Serravalle
b_serravalle;b_serravalle_adj;;
b_castellucchio;b_castellucchio;;Castlüch
b_castellucchio;b_castellucchio_adj;;
b_redondesco;b_redondesco;;Redundèsch
b_redondesco;b_redondesco_adj;;
c_novellara;PROV1139;;Novellara
c_novellara;c_novellara_adj;;Novellarese
b_novellara;b_novellara;;Nuvalêra
b_novellara;b_novellara_adj;;
b_guastalla;b_guastalla;;Guastâla
b_guastalla;b_guastalla_adj;;
b_gonzaga;b_gonzaga;;Gunsàga
b_gonzaga;b_gonzaga_adj;;
b_sabbioneta;b_sabbioneta;;Sabbioneta
b_sabbioneta;b_sabbioneta_adj;;
d_lucca;d_lucca;;Lucca
d_lucca;d_lucca_adj;;Luccan
d_lucca;greek;;Louka
d_lucca;roman;;Luca
c_lucca;PROV323;;Lucca
c_lucca;c_lucca_adj;;Luccian
c_lucca;greek;;Louka
c_lucca;roman;;Luca
b_lucca;b_lucca;;Lucca
b_lucca;b_lucca_adj;;
b_lucca;greek;;Louka
b_lucca;roman;;Luca
b_altopascio;b_altopascio;;Altopascio
b_altopascio;b_altopascio_adj;;
b_viareggio;b_viareggio;;Viareggio
b_viareggio;b_viareggio_adj;;
b_seravezza;b_seravezza;;Seravezza
b_seravezza;b_seravezza_adj;;
b_fortezzadelleverrucole;b_fortezzadelleverrucole;;Fortezza delle Verrucole
b_fortezzadelleverrucole;b_fortezzadelleverrucole_adj;;
c_malaspina;PROV1120;;Malaspina
c_malaspina;c_malaspina_adj;;Fosdinovese
c_malaspina;greek;;Louna
c_malaspina;roman;;Luna
b_castellomalaspina;b_castellomalaspina;;Castello Malaspina
b_castellomalaspina;b_castellomalaspina_adj;;
b_lunibishop;b_lunibishop;;Luni
b_lunibishop;b_lunibishop_adj;;
b_lunibishop;greek;;Louna
b_lunibishop;roman;;Luna
b_carrara;b_carrara;;Carrara
b_carrara;b_carrara_adj;;
b_sarzana;b_sarzana;;Sarzàna
b_sarzana;b_sarzana_adj;;
c_guidi;PROV1137;;Guidi
c_guidi;c_guidi_adj;;Poppese
c_guidi;greek;;Pistoria
c_guidi;roman;;Pistoria
b_castellodeicontiguidi;b_castellodeicontiguidi;;Poppi
b_castellodeicontiguidi;b_castellodeicontiguidi_adj;;
b_castellodeltrebbio;b_castellodeltrebbio;;Castello del Trebbio
b_castellodeltrebbio;b_castellodeltrebbio_adj;;
b_empoli;b_empoli;;Empoli
b_empoli;b_empoli_adj;;
b_pistoia;b_pistoia;;Pistoia
b_pistoia;b_pistoia_adj;;
b_pistoia;greek;;Pistoria
b_pistoia;roman;;Pistoria
b_sanminiato;b_sanminiato;;San Miniato
b_sanminiato;b_sanminiato_adj;;
b_poggibonsi;b_poggibonsi;;Poggibonsi
b_poggibonsi;b_poggibonsi_adj;;
c_volterra;PROV1138;;Volterra
c_volterra;c_volterra_adj;;Volterrano
c_volterra;greek;;Ouolaterrai
c_volterra;roman;;Volaterrae
b_volterra;b_volterra;;Volterra
b_volterra;b_volterra_adj;;
b_volterra;greek;;Ouolaterrai
b_volterra;roman;;Volaterrae
b_sangimignano;b_sangimignano;;San Gimignano
b_sangimignano;b_sangimignano_adj;;
b_montecastellipisano;b_montecastellipisano;;Montecastelli
b_montecastellipisano;b_montecastellipisano_adj;;
d_toscana;d_toscana;;Toscana
d_toscana;d_toscana_adj;;Toscanan
d_toscana;greek;;Tuscia
d_toscana;roman;;Tuscia
c_firenze;PROV328;;Firenze
c_firenze;c_firenze_adj;;Firenzian
c_firenze;greek;;Phlorentia
c_firenze;roman;;Florentia
b_firenze;b_firenze;;Firenze
b_firenze;b_firenze_adj;;
b_firenze;greek;;Phlorentia
b_firenze;roman;;Florentia
b_prato;b_prato;;Castrum Prati
b_prato;b_prato_adj;;
b_fiesole;b_fiesole;;Fiesole
b_fiesole;b_fiesole_adj;;
b_fiesole;greek;;Phaisoulai
b_fiesole;roman;;Faesulae
b_sanmichelearcangleo;b_sanmichelearcangleo;;Spedale di San Michele Arcangelo
b_sanmichelearcangleo;b_sanmichelearcangleo_adj;;
b_castellinainchianti;b_castellinainchianti;;Castellina
b_castellinainchianti;b_castellinainchianti_adj;;
c_arezzo;PROV1115;;Arezzo
c_arezzo;c_arezzo_adj;;Aretino
c_arezzo;greek;;Arretion
c_arezzo;roman;;Arretium
b_cittadicastello;b_cittadicastello;;Città di Castello
b_cittadicastello;b_cittadicastello_adj;;
b_montevarchi;b_montevarchi;;Castello di Monteguarco
b_montevarchi;b_montevarchi_adj;;
b_cortona;b_cortona;;Cortona
b_cortona;b_cortona_adj;;
b_cortona;greek;;Kortona
b_arezzo;b_arezzo;;Arezzo
b_arezzo;b_arezzo_adj;;
b_arezzo;greek;;Arretion
b_arezzo;roman;;Arretium
c_siena;PROV330;;Siena
c_siena;c_siena_adj;;Sienian
c_siena;greek;;Saena
c_siena;roman;;Saena
b_siena;b_siena;;Siena
b_siena;b_siena_adj;;
b_siena;greek;;Saena
b_siena;roman;;Saena
b_pienza;b_pienza;;Pienza
b_pienza;b_pienza_adj;;
b_montalcino;b_montalcino;;Montalcino
b_montalcino;b_montalcino_adj;;
b_monteriggioni;b_monteriggioni;;Monteriggioni
b_monteriggioni;b_monteriggioni_adj;;
b_castelnuovoberardenga;b_castelnuovoberardenga;;Castelnuovo Berardenga
b_castelnuovoberardenga;b_castelnuovoberardenga_adj;;
b_castellodibrolio;b_castellodibrolio;;Castello di Brolio
b_castellodibrolio;b_castellodibrolio_adj;;
c_piombino;PROV331;;Grosseto
c_piombino;c_piombino_adj;;Piombinian
c_piombino;greek;;Rhousellai
c_piombino;roman;;Rusellae
b_suvereto;b_suvereto;;Suvereto
b_suvereto;b_suvereto_adj;;
b_grosseto;b_grosseto;;Grosseto
b_grosseto;b_grosseto_adj;;
b_roselle;b_roselle;;Roselle
b_roselle;b_roselle_adj;;
b_roselle;greek;;Rhousellai
b_roselle;roman;;Rusellae
b_castellodimonteregio;b_castellodimonteregio;;Castello di Monteregio
b_castellodimonteregio;b_castellodimonteregio_adj;;
c_orbetello;PROV332;;Santa Fiora
c_orbetello;c_orbetello_adj;;Orbetellian
b_orbetello;b_orbetello;;Orbetello
b_orbetello;b_orbetello_adj;;
b_pitigliano;b_pitigliano;;Pitigliano
b_pitigliano;b_pitigliano_adj;;
b_sorano;b_sorano;;Sorano
b_sorano;b_sorano_adj;;
b_sovana;b_sovana;;Soana
b_sovana;b_sovana_adj;;
b_sovana;greek;;Souana
b_sovana;roman;;Suana
b_arcidosso;b_arcidosso;;Arcidosso
b_arcidosso;b_arcidosso_adj;;
b_santafiora;b_santafiora;;Santa Fiora
b_santafiora;b_santafiora_adj;;
d_pisa;d_pisa;;Pisa
d_pisa;d_pisa_adj;;Pisan
d_pisa;greek;;Pisai
d_pisa;roman;;Pisae
c_pisa;PROV327;;Pisa
c_pisa;c_pisa_adj;;Pisan
c_pisa;greek;;Pisai
c_pisa;roman;;Pisae
b_pisa;b_pisa;;Pisa
b_pisa;b_pisa_adj;;
b_pisa;greek;;Pisai
b_pisa;roman;;Pisae
b_castellodiripoli;b_castellodiripoli;;Castello di Ripoli
b_castellodiripoli;b_castellodiripoli_adj;;
b_vicopisano;b_vicopisano;;Vicopisano
b_vicopisano;b_vicopisano_adj;;
b_piombino;b_piombino;;Piombino
b_piombino;b_piombino_adj;;
b_piombino;greek;;Poplonion
b_piombino;roman;;Populunium
b_bolgheri;b_bolgheri;;Bolgheri
b_bolgheri;b_bolgheri_adj;;
d_siena;d_siena;;Siena
d_siena;d_siena_adj;;Siena
d_siena;greek;;Saena
d_siena;roman;;Saena
k_patrimoniumpetri;k_patrimoniumpetri;;Patrimonium Sancti Petri
k_patrimoniumpetri;k_patrimoniumpetri_adj;;Sanctimonialis
k_patrimoniumpetri;armenian;;Exarchos Ravenna
k_patrimoniumpetri;greek;;Exarchos Ravenna
k_patrimoniumpetri;roman;;Exarchatus Ravennatis
k_patrimoniumpetri;short_name;;yes
d_ferrara;d_ferrara;;Ferrara
d_ferrara;d_ferrara_adj;;Ferraran
c_ferrara;PROV353;;Ferrara
c_ferrara;c_ferrara_adj;;Ferrarian
c_ferrara;greek;;Ferraria
c_ferrara;roman;;Ferraria
b_ferrara;b_ferrara;;Frêra
b_ferrara;b_ferrara_adj;;
b_ferrara;greek;;Ferraria
b_ferrara;roman;;Ferraria
b_commacchio;b_commacchio;;Cmâc
b_commacchio;b_commacchio_adj;;
b_codigoro;b_codigoro;;Badéia ed Pomposa
b_codigoro;b_codigoro_adj;;
b_finaleemilia;b_finaleemilia;;Finèl
b_finaleemilia;b_finaleemilia_adj;;
c_rovigo;PROV1143;;Rovigo
c_rovigo;c_rovigo_adj;;Rovigotto
c_rovigo;greek;;Ateste
c_rovigo;roman;;Ateste
b_este;b_este;;Este
b_este;b_este_adj;;
b_este;greek;;Ateste
b_este;roman;;Ateste
b_occhiobello;b_occhiobello;;Ug Bèl
b_occhiobello;b_occhiobello_adj;;
b_rovigo;b_rovigo;;Rovigo
b_rovigo;b_rovigo_adj;;
b_adria;b_adria;;Adria
b_adria;b_adria_adj;;
b_adria;greek;;Hadria
b_adria;roman;;Hatria
d_ravenna;d_ravenna;;Ravenna
d_ravenna;d_ravenna_adj;;Romagnian
d_ravenna;greek;;Flaminia et Picenum
d_ravenna;roman;;Flaminia et Picenum
c_ravenna;PROV351;;Ravenna
c_ravenna;c_ravenna_adj;;Ravennian
c_ravenna;greek;;Rhaouenna
b_ravenna;b_ravenna;;Ravenna
b_ravenna;b_ravenna_adj;;
b_ravenna;greek;;Rhaouenna
b_bagnacavallo;b_bagnacavallo;;Bagnacavàl
b_bagnacavallo;b_bagnacavallo_adj;;
b_cervia;b_cervia;;Zirvia
b_cervia;b_cervia_adj;;
b_cervia;greek;;Ficocle
b_cervia;roman;;Ficocle
b_russi;b_russi;;Rós
b_russi;b_russi_adj;;
b_cunio;b_cunio;;Castèl d Cunio
b_cunio;b_cunio_adj;;
c_bologna;PROV352;;Bologna
c_bologna;c_bologna_adj;;Bolognian
c_bologna;greek;;Bononia
c_bologna;roman;;Bononia
b_bologna;b_bologna;;Bulåggna
b_bologna;b_bologna_adj;;
b_bologna;greek;;Bononia
b_bologna;roman;;Bononia
b_monterenzio;b_monterenzio;;Måntrànz
b_monterenzio;b_monterenzio_adj;;
b_monghidoro;b_monghidoro;;Dscargalèsen
b_monghidoro;b_monghidoro_adj;;
b_budro;b_budro;;Bûdri
b_budro;b_budro_adj;;
b_munzuno;b_munzuno;;Munzón
b_munzuno;b_munzuno_adj;;
c_forli;PROV1123;;Forli
c_forli;c_forli_adj;;Forlivese
c_forli;greek;;Phoron Livii
c_forli;roman;;Forum Livii
b_faenza;b_faenza;;Fënsa
b_faenza;b_faenza_adj;;
b_faenza;greek;;Phaouentia
b_faenza;roman;;Faventia
b_forli;b_forli;;Furlè
b_forli;b_forli_adj;;
b_forli;greek;;Phoron Livii
b_forli;roman;;Forum Livii
b_imola;b_imola;;Iommla
b_imola;b_imola_adj;;
b_imola;greek;;Phoron Kornélion
b_imola;roman;;Forum Cornelii
b_roccadellecaminate;b_roccadellecaminate;;Ròca ed Caminate
b_roccadellecaminate;b_roccadellecaminate_adj;;
b_dovadola;b_dovadola;;Dvèdla
b_dovadola;b_dovadola_adj;;
c_rimini;PROV1133;;Rimini
c_rimini;c_rimini_adj;;Riminese
c_rimini;greek;;Ariminon
c_rimini;roman;;Ariminum
b_rimini;b_rimini;;Remne
b_rimini;b_rimini_adj;;
b_rimini;greek;;Ariminon
b_rimini;roman;;Ariminum
b_sigismondo;b_sigismondo;;Castèl ed Sigismondo
b_sigismondo;b_sigismondo_adj;;
b_cesena;b_cesena;;Zisèna
b_cesena;b_cesena_adj;;
b_cesena;greek;;Kaisena
b_cesena;roman;;Caesena
b_gradara;b_gradara;;Gradèra
b_gradara;b_gradara_adj;;
d_ancona;d_ancona;;Marche
d_ancona;d_ancona_adj;;Marchian
d_ancona;greek;;Pikentine
d_ancona;roman;;Picenum Suburbicarum
c_ancona;PROV350;;Ancona
c_ancona;c_ancona_adj;;Anconian
c_ancona;greek;;Ankon
c_ancona;foa;;MARQUISATE_FOA
c_ancona;title;;MARQUISATE
c_ancona;title_female;;MARCHESA
c_ancona;title_prefix;;MARQUISATE_OF
b_ancona;b_ancona;;Ancona
b_ancona;b_ancona_adj;;
b_ancona;greek;;Ankon
b_osimo;b_osimo;;Osimo
b_osimo;b_osimo_adj;;
b_osimo;greek;;Auxoumon
b_osimo;roman;;Auximum
b_recanati;b_recanati;;Recanati
b_recanati;b_recanati_adj;;
b_tolentino;b_tolentino;;Tolentino
b_tolentino;b_tolentino_adj;;
b_tolentino;greek;;Tolentinon
b_tolentino;roman;;Tolentinum
b_mondavio;b_mondavio;;Mondavi
b_mondavio;b_mondavio_adj;;
c_fermo;PROV1116;;Fermo
c_fermo;c_fermo_adj;;Fermano
c_fermo;greek;;Firmon
c_fermo;roman;;Firmum
c_fermo;foa;;MARQUISATE_FOA
c_fermo;title;;MARQUISATE
c_fermo;title_female;;MARCHESA
c_fermo;title_prefix;;MARQUISATE_OF
b_tortoreto;b_tortoreto;;Tortoreto
b_tortoreto;b_tortoreto_adj;;
b_ascolipiceno;b_ascolipiceno;;Ascule
b_ascolipiceno;b_ascolipiceno_adj;;
b_ascolipiceno;greek;;Askoulon
b_ascolipiceno;roman;;Asculum
b_fermo;b_fermo;;Fermo
b_fermo;b_fermo_adj;;
b_fermo;greek;;Firmon
b_fermo;roman;;Firmum
c_camerino;PROV1117;;Camerino
c_camerino;c_camerino_adj;;Camerinese
c_camerino;greek;;Kamarinon
c_camerino;roman;;Camerinum
c_camerino;foa;;MARQUISATE_FOA
c_camerino;title;;MARQUISATE
c_camerino;title_female;;MARCHESA
c_camerino;title_prefix;;MARQUISATE_OF
b_roccaflea;b_roccaflea;;Rocca Flea
b_roccaflea;b_roccaflea_adj;;
b_caldarola;b_caldarola;;Caldarola
b_caldarola;b_caldarola_adj;;
b_preci;b_preci;;Preci
b_preci;b_preci_adj;;
b_camerino;b_camerino;;Cammerinu
b_camerino;b_camerino_adj;;
b_camerino;greek;;Kamarinon
b_camerino;roman;;Camerinum
d_urbino;d_urbino;;Urbino
d_urbino;d_urbino_adj;;Urbinian
d_urbino;greek;;Umbrike
d_urbino;roman;;Umbria
c_montefeltro;PROV1121;;Montefeltro
c_montefeltro;c_montefeltro_adj;;Sammarinese
b_carpegna;b_carpegna;;Carpegna
b_carpegna;b_carpegna_adj;;
b_sanleo;b_sanleo;;San Lé
b_sanleo;b_sanleo_adj;;
b_sanleo;greek;;Monteferetra
b_sanleo;roman;;Monteferetra
b_montecopiolo;b_montecopiolo;;Montecopiolo
b_montecopiolo;b_montecopiolo_adj;;
b_sanmarino;b_sanmarino;;San Maroin
b_sanmarino;b_sanmarino_adj;;
c_urbino;PROV329;;Urbino
c_urbino;c_urbino_adj;;Urbinian
c_urbino;greek;;Ourbinon
c_urbino;roman;;Urbinium
b_urbino;b_urbino;;Urbìn
b_urbino;b_urbino_adj;;
b_urbino;greek;;Ourbinon
b_urbino;roman;;Urbinium
b_sanseverino;b_sanseverino;;San Severino
b_sanseverino;b_sanseverino_adj;;
b_sanseverino;greek;;Septempeda
b_sanseverino;roman;;Septempeda
b_fossombrone;b_fossombrone;;Fossombrón
b_fossombrone;b_fossombrone_adj;;
b_fossombrone;greek;;Phóron Sempronion
b_fossombrone;roman;;Forum Sempronii
b_gubbio;b_gubbio;;Gubbio
b_gubbio;b_gubbio_adj;;
b_gubbio;greek;;Igoúïon
b_gubbio;roman;;Iguvium
b_roccatorrinone;b_roccatorrinone;;Rocca Torrione
b_roccatorrinone;b_roccatorrinone_adj;;
d_spoleto;d_spoleto;;Spoleto
d_spoleto;d_spoleto_adj;;Spoletan
d_spoleto;greek;;Oualeria
d_spoleto;roman;;Valeria
c_spoleto;PROV349;;Spoleto
c_spoleto;c_spoleto_adj;;Spoletian
c_spoleto;greek;;Spoletion
c_spoleto;roman;;Spoletium
b_spoleto;b_spoleto;;Spuléti
b_spoleto;b_spoleto_adj;;
b_spoleto;greek;;Spoletion
b_spoleto;roman;;Spoletium
b_assisi;b_assisi;;Assisi
b_assisi;b_assisi_adj;;
b_assisi;greek;;Asision
b_assisi;roman;;Asisium
b_todi;b_todi;;Todi
b_todi;b_todi_adj;;
b_terni;b_terni;;Terni
b_terni;b_terni_adj;;
b_terni;greek;;Interamna
b_terni;roman;;Interamna
b_foligno;b_foligno;;Fuligni
b_foligno;b_foligno_adj;;
b_foligno;greek;;Phoulkinion
b_foligno;roman;;Fulginium
b_bevagna;b_bevagna;;Bevagna
b_bevagna;b_bevagna_adj;;
c_perugia;PROV1145;;Perugia
c_perugia;c_perugia_adj;;Perugino
c_perugia;greek;;Perousia
c_perugia;roman;;Perusia
b_perugia;b_perugia;;Perugia
b_perugia;b_perugia_adj;;
b_perugia;greek;;Perousia
b_perugia;roman;;Perusia
b_magione;b_magione;;Magione
b_magione;b_magione_adj;;
b_castellodelleforme;b_castellodelleforme;;Castello delle Forme
b_castellodelleforme;b_castellodelleforme_adj;;
b_castellodelleone;b_castellodelleone;;Castello del Leone
b_castellodelleone;b_castellodelleone_adj;;
c_aprutium;PROV929;;Abruzzo
c_aprutium;c_aprutium_adj;;Aprutian
c_aprutium;greek;;Interamnion
b_calascio;b_calascio;;Calascio
b_calascio;b_calascio_adj;;
b_teramo;b_teramo;;Teramo
b_teramo;b_teramo_adj;;
b_aquila;b_aquila;;Aquila
b_aquila;b_aquila_adj;;
d_latium;d_latium;;Latium
d_latium;d_latium_adj;;Latin
d_latium;greek;;Latine
c_roma;PROV333;;Roma
c_roma;c_roma_adj;;Roman
c_roma;greek;;Rhome
b_roma;b_roma;;Roma
b_roma;b_roma_adj;;
b_roma;greek;;Rhome
b_roma;norse;;Rómarborg
b_castelsantangelo;b_castelsantangelo;;Castel Sant'Angelo
b_castelsantangelo;b_castelsantangelo_adj;;
b_castellodiLunghezza;b_castellodiLunghezza;;Castelo de Lunghezza
b_castellodiLunghezza;b_castellodiLunghezza_adj;;
b_tivoli;b_tivoli;;Tivoli
b_tivoli;b_tivoli_adj;;
b_tivoli;greek;;Tibourinon
b_tivoli;roman;;Tibur
b_ostia;b_ostia;;Ostia
b_ostia;b_ostia_adj;;
b_palo;b_palo;;Palo
b_palo;b_palo_adj;;
b_palo;greek;;Alsion
b_palo;roman;;Alsium
b_bracciano;b_bracciano;;Bracciano
b_bracciano;b_bracciano_adj;;
c_tusculum;PROV1119;;Tusculum
c_tusculum;c_tusculum_adj;;Tuscolano
c_tusculum;greek;;Touskoulon
b_castelgandolfolatium;b_castelgandolfolatium;;Castel Gandolfo
b_castelgandolfolatium;b_castelgandolfolatium_adj;;
b_tusculum;b_tusculum;;Tusculum
b_tusculum;b_tusculum_adj;;
b_tusculum;greek;;Touskoulon
b_anagni;b_anagni;;Anagni
b_anagni;b_anagni_adj;;
b_anagni;greek;;Anágneiai
b_anagni;roman;;Anagnia
b_velletri;b_velletri;;Velletri
b_velletri;b_velletri_adj;;
b_velletri;greek;;Ouélitrai
b_velletri;roman;;Vellitrae
c_viterbo;PROV1128;;Viterbo
c_viterbo;c_viterbo_adj;;Viterbese
b_roccaviterbo;b_roccaviterbo;;Rocca
b_roccaviterbo;b_roccaviterbo_adj;;
b_viterbo;b_viterbo;;Viterbo
b_viterbo;b_viterbo_adj;;
b_tolfa;b_tolfa;;Tolfa
b_tolfa;b_tolfa_adj;;
b_sorianonelcimino;b_sorianonelcimino;;Soriano nel Cimino
b_sorianonelcimino;b_sorianonelcimino_adj;;
c_nerola;PROV1118;;Nerola
c_nerola;c_nerola_adj;;Nerolese
b_nerola;b_nerola;;Nerola
b_nerola;b_nerola_adj;;
b_arce;b_arce;;Arce
b_arce;b_arce_adj;;
b_montesangiovannicampano;b_montesangiovannicampano;;Monte San Giovanni Campano
b_montesangiovannicampano;b_montesangiovannicampano_adj;;
b_roccaguglielma;b_roccaguglielma;;Roccaguglielma
b_roccaguglielma;b_roccaguglielma_adj;;
b_roccadicampolato;b_roccadicampolato;;Tore de Campolato
b_roccadicampolato;b_roccadicampolato_adj;;
b_marcellina;b_marcellina;;Marcellina
b_marcellina;b_marcellina_adj;;
c_orvieto;PROV243;;Orvieto
c_orvieto;c_orvieto_adj;;Orvietian
c_orvieto;greek;;Ouolsinion
c_orvieto;roman;;Volsinii
b_orvieto;b_orvieto;;Orvieto
b_orvieto;b_orvieto_adj;;
b_orvieto;greek;;Ouolsinion
b_orvieto;roman;;Volsinii
b_ficulle;b_ficulle;;Ficulle
b_ficulle;b_ficulle_adj;;
b_narni;b_narni;;Narnia
b_narni;b_narni_adj;;
b_alviano;b_alviano;;Alviano
b_alviano;b_alviano_adj;;
k_sardinia;k_sardinia;;Corsicae et Sardiniae
k_sardinia;k_sardinia_adj;;Sardinian
d_corsica;d_corsica;;Corsica
d_corsica;d_corsica_adj;;Corsa
d_corsica;greek;;Korsís
d_corsica;roman;;Corsicae
c_terradicomune;PROV1101;;Terra di Comune
c_terradicomune;c_terradicomune_adj;;Alandese
c_terradicomune;short_name;;yes
b_calvi;b_calvi;;Calvi
b_calvi;b_calvi_adj;;
b_alando;b_alando;;Alandu
b_alando;b_alando_adj;;
b_castellodirostino;b_castellodirostino;;Castellu di Rustinu
b_castellodirostino;b_castellodirostino_adj;;
b_lucciano;b_lucciano;;Lucciana
b_lucciano;b_lucciano_adj;;
c_corse;PROV1102;;Capo di Corse
c_corse;c_corse_adj;;Cardino
c_corse;short_name;;yes
b_nebbio;b_nebbio;;Nebbiu
b_nebbio;b_nebbio_adj;;
b_cardo;b_cardo;;Cardo
b_cardo;b_cardo_adj;;
c_corsica;PROV324;;Cinarca
c_corsica;c_corsica_adj;;Corsican
b_ajaccio;b_ajaccio;;Aiacciu
b_ajaccio;b_ajaccio_adj;;
b_ajaccio;greek;;Agiation
b_bonifacio;b_bonifacio;;Bunifaziu
b_bonifacio;b_bonifacio_adj;;
b_cinarca;b_cinarca;;Cinarca
b_cinarca;b_cinarca_adj;;
b_mariani;b_mariani;;Mariana
b_mariani;b_mariani_adj;;
d_sardinia;d_sardinia;;Sardinia
d_sardinia;d_sardinia_adj;;Sardinian
d_sardinia;greek;;Sardo
d_sardinia;roman;;Sardiniae
c_logudoro;PROV1104;;Logudoro
c_logudoro;c_logudoro_adj;;Logudorese
c_logudoro;foa;;GIUDICATO_FOA
c_logudoro;title;;GIUDICATO
c_logudoro;title_female;;GIUDICATO_F
c_logudoro;title_prefix;;GIUDICATO_OF
b_ardara;b_ardara;;Aldara
b_ardara;b_ardara_adj;;
b_sassari;b_sassari;;Thàthari
b_sassari;b_sassari_adj;;
b_portotorres;b_portotorres;;Pòlthu Tòrra
b_portotorres;b_portotorres_adj;;
b_portotorres;greek;;Pyrgos Libyssonos
b_portotorres;roman;;Turris Libyssonis
b_alghero;b_alghero;;S'Alighèra
b_alghero;b_alghero_adj;;
c_gallura;PROV1103;;Gallura
c_gallura;c_gallura_adj;;Gallurese
c_gallura;foa;;GIUDICATO_FOA
c_gallura;title;;GIUDICATO
c_gallura;title_female;;GIUDICATO_F
c_gallura;title_prefix;;GIUDICATO_OF
b_dellafava;b_dellafava;;Casteddu
b_dellafava;b_dellafava_adj;;
b_olbia;b_olbia;;Tarranoa
b_olbia;b_olbia_adj;;
b_olbia;greek;;Olbia
b_olbia;roman;;Olbia
b_posadasardinia;b_posadasardinia;;Pasada
b_posadasardinia;b_posadasardinia_adj;;
c_arborea;PROV325;;Arborea
c_arborea;c_arborea_adj;;Arborean
c_arborea;foa;;GIUDICATO_FOA
c_arborea;title;;GIUDICATO
c_arborea;title_female;;GIUDICATO_F
c_arborea;title_prefix;;GIUDICATO_OF
b_oristano;b_oristano;;Oristanis
b_oristano;b_oristano_adj;;
b_oristano;greek;;Aristánis
b_cabras;b_cabras;;Crabas
b_cabras;b_cabras_adj;;
b_barumele;b_barumele;;Casteddu de Barùmini
b_barumele;b_barumele_adj;;
b_tharros;b_tharros;;Tharros
b_tharros;b_tharros_adj;;
b_tharros;greek;;Thàrras
b_tharros;roman;;Tarrae
c_cagliari;PROV326;;Cagliari
c_cagliari;c_cagliari_adj;;Cagliarian
c_cagliari;greek;;Karalis
c_cagliari;roman;;Caralis
c_cagliari;foa;;GIUDICATO_FOA
c_cagliari;title;;GIUDICATO
c_cagliari;title_female;;GIUDICATO_F
c_cagliari;title_prefix;;GIUDICATO_OF
b_cagliari;b_cagliari;;Casteddu
b_cagliari;b_cagliari_adj;;
b_cagliari;greek;;Karalis
b_cagliari;roman;;Caralis
b_ogliastra;b_ogliastra;;Ozzastra
b_ogliastra;b_ogliastra_adj;;
b_saintmichele;b_saintmichele;;Iglesia de san Michele
b_saintmichele;b_saintmichele_adj;;
b_villasor;b_villasor;;Bidda Sorris
b_villasor;b_villasor_adj;;
b_sanluri;b_sanluri;;Seddori
b_sanluri;b_sanluri_adj;;
k_sicily;k_sicily;;Sicilia
k_sicily;k_sicily_adj;;Siciliani
k_sicily;greek;;Italías
k_sicily;roman;;Suburbicaria
d_amalfi;d_amalfi;;Amalfi
d_amalfi;d_amalfi_adj;;Amalfitani
d_benevento;d_benevento;;Benevento
d_benevento;d_benevento_adj;;Benevenetian
d_benevento;greek;;Beneuenton
d_benevento;roman;;Beneventum
c_benevento;PROV335;;Benevento
c_benevento;c_benevento_adj;;Benevenetian
c_benevento;greek;;Beneuenton
c_benevento;roman;;Beneventum
b_benevento;b_benevento;;Ben-viént
b_benevento;b_benevento_adj;;
b_benevento;greek;;Beneuenton
b_benevento;roman;;Beneventum
b_avellino;b_avellino;;Avellino
b_avellino;b_avellino_adj;;
b_ariano;b_ariano;;A'rjæno
b_ariano;b_ariano_adj;;
b_apice;b_apice;;Apice
b_apice;b_apice_adj;;
c_molise;PROV1112;;Molise
c_molise;c_molise_adj;;Molisano
b_boiano;b_boiano;;Bojano
b_boiano;b_boiano_adj;;
b_boiano;greek;;Bouianon
b_boiano;roman;;Bovianum
b_campobasso;b_campobasso;;Campuasce
b_campobasso;b_campobasso_adj;;
b_trivento;b_trivento;;Trivento
b_trivento;b_trivento_adj;;
b_eremodeisanticosmaedamiano;b_eremodeisanticosmaedamiano;;Eremo dei Santi Cosma e Damiano
b_eremodeisanticosmaedamiano;b_eremodeisanticosmaedamiano_adj;;
d_napoli;d_napoli;;Napoli
d_napoli;d_napoli_adj;;Napolian
d_napoli;greek;;Neapolis
c_napoli;PROV334;;Napoli
c_napoli;c_napoli_adj;;Napolitanian
c_napoli;greek;;Neapolis
b_napoli;b_napoli;;Napule
b_napoli;b_napoli_adj;;
b_napoli;greek;;Neapolis
b_casteldellovo;b_casteldellovo;;Castièll dell'Ov
b_casteldellovo;b_casteldellovo_adj;;
b_castelnuovo;b_castelnuovo;;Maschio Angiuino
b_castelnuovo;b_castelnuovo_adj;;
b_santelmo;b_santelmo;;Castièll 'e Sant'Elmo
b_santelmo;b_santelmo_adj;;
b_castellamare;b_castellamare;;Castiellammare 'e Stabia
b_castellamare;b_castellamare_adj;;
b_castellamare;greek;;Stábiai
b_castellamare;roman;;Stabiae
c_aversa;PROV1107;;Aversa
c_aversa;c_aversa_adj;;Aversano
c_aversa;greek;;Kumai
b_aversa;b_aversa;;Averza
b_aversa;b_aversa_adj;;
b_cumae;b_cumae;;Cuma
b_cumae;b_cumae_adj;;
b_cumae;greek;;Kumai
b_pozzuoli;b_pozzuoli;;Pezzulo
b_pozzuoli;b_pozzuoli_adj;;
b_pozzuoli;greek;;Puteoloi
b_pozzuoli;roman;;Puteoli
b_ischia;b_ischia;;Ischia
b_ischia;b_ischia_adj;;
d_capua;d_capua;;Capua
d_capua;d_capua_adj;;Capuan
c_capua;PROV851;;Capua
c_capua;c_capua_adj;;Capuan
c_capua;greek;;Kapue
b_capua;b_capua;;Capua
b_capua;b_capua_adj;;
b_capua;greek;;Kapue
b_teano;b_teano;;Teano
b_teano;b_teano_adj;;
b_teano;greek;;Téanon
b_teano;roman;;Teanum Sidicinum
b_caserta;b_caserta;;Caserta
b_caserta;b_caserta_adj;;
b_caserta;greek;;Kalatia
b_caserta;roman;;Calatia
b_mondragone;b_mondragone;;Mundragone
b_mondragone;b_mondragone_adj;;
b_mondragone;greek;;Sinouessa
b_mondragone;roman;;Sinuessa
c_alife;PROV1106;;Alife
c_alife;c_alife_adj;;Alifano
c_alife;greek;;Alliphai
c_alife;roman;;Allifae
b_alife;b_alife;;Alife
b_alife;b_alife_adj;;
b_alife;greek;;Alliphai
b_alife;roman;;Allifae
b_puglianello;b_puglianello;;Pullianellu
b_puglianello;b_puglianello_adj;;
b_gioiasannitica;b_gioiasannitica;;Gioia Sannitica
b_gioiasannitica;b_gioiasannitica_adj;;
c_sangermano;PROV1318;;Aquino
c_sangermano;c_sangermano_adj;;Aquinate
c_sangermano;greek;;Akoúinon
c_sangermano;roman;;Aquinum
b_montecassino;b_montecassino;;Abbazia di Montecassino
b_montecassino;b_montecassino_adj;;
b_aquino;b_aquino;;Aquino
b_aquino;b_aquino_adj;;
b_aquino;greek;;Akoúinon
b_aquino;roman;;Aquinum
b_pontecorvo;b_pontecorvo;;Pontecorvo
b_pontecorvo;b_pontecorvo_adj;;
c_gaeta;PROV1105;;Gaeta
c_gaeta;c_gaeta_adj;;Gaetano
c_gaeta;greek;;Kaiete
c_gaeta;roman;;Caieta
c_gaeta;name_tier;;duke
b_gaeta;b_gaeta;;Gaeta
b_gaeta;b_gaeta_adj;;
b_gaeta;greek;;Kaiete
b_gaeta;roman;;Caieta
b_fondi;b_fondi;;Fondi
b_fondi;b_fondi_adj;;
b_fondi;greek;;Phoundoi
b_fondi;roman;;Fundi
b_itri;b_itri;;Itri
b_itri;b_itri_adj;;
d_apulia;d_apulia;;Puglia
d_apulia;d_apulia_adj;;Pugliani
d_apulia;greek;;Longobardias
d_apulia;roman;;Apulia et Calabria
c_apulia;PROV347;;Melfi
c_apulia;c_apulia_adj;;Apulian
c_apulia;greek;;Potentia
b_melfi;b_melfi;;Melfi
b_melfi;b_melfi_adj;;
b_melfi;greek;;Melpes
b_melfi;roman;;Melpes
b_bovino;b_bovino;;Bovino
b_bovino;b_bovino_adj;;
b_lavello;b_lavello;;Lavello
b_lavello;b_lavello_adj;;
b_lagopesole;b_lagopesole;;Lu Cuastiedd
b_lagopesole;b_lagopesole_adj;;
b_troia;b_troia;;Troia
b_troia;b_troia_adj;;
b_troia;greek;;Aikai
b_potenza;b_potenza;;Putènze
b_potenza;b_potenza_adj;;
b_potenza;greek;;Potentia
c_andria;PROV1111;;Andria
c_andria;c_andria_adj;;Andrian
b_andria;b_andria;;Andrie
b_andria;b_andria_adj;;
b_trani;b_trani;;Tran
b_trani;b_trani_adj;;
b_trani;greek;;Turenum
b_trani;roman;;Turenum
b_spinazzola;b_spinazzola;;Spenazzòle
b_spinazzola;b_spinazzola_adj;;
b_barletta;b_barletta;;Barlétte
b_barletta;b_barletta_adj;;
b_barletta;greek;;Bardulos
b_barletta;roman;;Barulum
c_foggia;PROV348;;Monte Sant'Angelo
c_foggia;c_foggia_adj;;Foggian
c_foggia;greek;;Sepius
c_foggia;roman;;Sipontum
b_foggia;b_foggia;;Fogge
b_foggia;b_foggia_adj;;
b_foggia;greek;;Argyrippa
b_siponto;b_siponto;;Siponto
b_siponto;b_siponto_adj;;
b_siponto;greek;;Sepius
b_siponto;roman;;Sipontum
b_lucera;b_lucera;;Lucer
b_lucera;b_lucera_adj;;
b_lucera;greek;;Lukeria
b_lucera;roman;;Luceria
b_montesantangelo;b_montesantangelo;;Monte Sant'Angelo
b_montesantangelo;b_montesantangelo_adj;;
c_bari;PROV346;;Bari
c_bari;c_bari_adj;;Barian
c_bari;greek;;Barion
c_bari;roman;;Barium
b_bari;b_bari;;Bare
b_bari;b_bari_adj;;
b_bari;greek;;Barion
b_bari;roman;;Barium
b_giovinazzo;b_giovinazzo;;Giovinazzo
b_giovinazzo;b_giovinazzo_adj;;
b_giovinazzo;greek;;Natiolum
b_giovinazzo;roman;;Natiolum
b_terlizzi;b_terlizzi;;Terrèzze
b_terlizzi;b_terlizzi_adj;;
c_gravina;PROV1110;;Gravina
c_gravina;c_gravina_adj;;Gravinese
c_gravina;greek;;Sìlbion
c_gravina;roman;;Silvium
b_castellaneta;b_castellaneta;;Castelàneet
b_castellaneta;b_castellaneta_adj;;
b_gravina;b_gravina;;Gravèin
b_gravina;b_gravina_adj;;
b_gravina;greek;;Sìlbion
b_gravina;roman;;Silvium
b_castellotramontano;b_castellotramontano;;Castello Tramontano
b_castellotramontano;b_castellotramontano_adj;;
b_matera;b_matera;;Matàërë
b_matera;b_matera_adj;;
d_loritello;d_loritello;;Loritello
d_loritello;d_loritello_adj;;Loritellan
d_loritello;name_tier;;count
c_larino;PROV1108;;Larino
c_larino;c_larino_adj;;Larinese
c_larino;greek;;Larinon
c_larino;roman;;Larinum
b_sannicandro;b_sannicandro;;Sant' L'càndr
b_sannicandro;b_sannicandro_adj;;
b_termoli;b_termoli;;Tèrml
b_termoli;b_termoli_adj;;
b_termoli;greek;;Bouka
b_termoli;roman;;Buca
b_larinoloritello;b_larinoloritello;;Larine
b_larinoloritello;b_larinoloritello_adj;;
b_larinoloritello;greek;;Larinon
b_larinoloritello;roman;;Larinum
c_chieti;PROV1109;;Teate
c_chieti;c_chieti_adj;;Teatino
c_chieti;greek;;Thegeàte
c_chieti;roman;;Aternum
b_crecchio;b_crecchio;;Crecchio
b_crecchio;b_crecchio_adj;;
b_pescara;b_pescara;;Pescàre
b_pescara;b_pescara_adj;;
b_pescara;greek;;Áternon
b_pescara;roman;;Aternum
b_chieti;b_chieti;;Teate
b_chieti;b_chieti_adj;;
b_chieti;greek;;Thegeàte
b_atri;b_atri;;Atri
b_atri;b_atri_adj;;
b_atri;greek;;Adria
d_tarent;d_tarent;;Principato di Taranto
d_tarent;d_tarent_adj;;Tarantian
d_tarent;short_name;;yes
c_taranto;PROV344;;Taranto
c_taranto;c_taranto_adj;;Tarantian
c_taranto;greek;;Taras
c_taranto;roman;;Tarentum
b_taranto;b_taranto;;Tàrde
b_taranto;b_taranto_adj;;
b_taranto;greek;;Taras
b_taranto;roman;;Tarentum
b_mottola;b_mottola;;Motele
b_mottola;b_mottola_adj;;
b_palagiano;b_palagiano;;Pala'scen
b_palagiano;b_palagiano_adj;;
b_nardotarent;b_nardotarent;;Nardó
b_nardotarent;b_nardotarent_adj;;
b_nardotarent;greek;;Naretòn
b_nardotarent;roman;;Neretum
c_lecce;PROV345;;Lecce
c_lecce;c_lecce_adj;;Leccian
c_lecce;greek;;Hydrunton
c_lecce;roman;;Hydruntum
b_lecce;b_lecce;;Lecce
b_lecce;b_lecce_adj;;
b_lecce;greek;;Loupíai
b_lecce;roman;;Lupiae
b_otranto;b_otranto;;Utràntu
b_otranto;b_otranto_adj;;
b_otranto;greek;;Hydrunton
b_otranto;roman;;Hydruntum
b_brindisi;b_brindisi;;Brìnnese
b_brindisi;b_brindisi_adj;;
b_brindisi;greek;;Brendesion
b_leuca;b_leuca;;Lèviche
b_leuca;b_leuca_adj;;
b_soleto;b_soleto;;Sulítu
b_soleto;b_soleto_adj;;
c_conversano;PROV1135;;Conversano
c_conversano;c_conversano_adj;;Conversanese
c_conversano;greek;;Hyria
b_conversano;b_conversano;;Cunverséne
b_conversano;b_conversano_adj;;
b_conversano;greek;;Norba
b_oria;b_oria;;Oria
b_oria;b_oria_adj;;
b_oria;greek;;Hyria
b_monopoli;b_monopoli;;Menòple
b_monopoli;b_monopoli_adj;;
b_monopoli;greek;;Monòpolis
b_santostefano;b_santostefano;;Utràntu
b_santostefano;b_santostefano_adj;;
d_salerno;d_salerno;;Salerno
d_salerno;d_salerno_adj;;Salernian
d_salerno;greek;;Lukania
c_salerno;PROV336;;Salerno
c_salerno;c_salerno_adj;;Salernian
c_salerno;greek;;Salernon
b_salerno;b_salerno;;Saliérno
b_salerno;b_salerno_adj;;
b_salerno;greek;;Salernon
b_acenzera;b_acenzera;;Acerenza
b_acenzera;b_acenzera_adj;;
b_acerno;b_acerno;;Acierno
b_acerno;b_acerno_adj;;
b_castellodiarechi;b_castellodiarechi;;Castièll 'e Arechi
b_castellodiarechi;b_castellodiarechi_adj;;
b_campagna;b_campagna;;Campagn
b_campagna;b_campagna_adj;;
c_marsico;PROV937;;Marsico
c_marsico;c_marsico_adj;;Marsicano
b_caggiano;b_caggiano;;Caggiano
b_caggiano;b_caggiano_adj;;
b_marsico;b_marsico;;Marsico
b_marsico;b_marsico_adj;;
b_castellodicastrocucco;b_castellodicastrocucco;;Castello di Castrocucco
b_castellodicastrocucco;b_castellodicastrocucco_adj;;
b_maratea;b_maratea;;Marathia
b_maratea;b_maratea_adj;;
c_amalfi;PROV935;;Amalfi
c_amalfi;c_amalfi_adj;;Amalfitano
b_amalfi;b_amalfi;;Amalfi
b_amalfi;b_amalfi_adj;;
b_positano;b_positano;;Pusitano
b_positano;b_positano_adj;;
b_sorrento;b_sorrento;;Surriento
b_sorrento;b_sorrento_adj;;
b_sorrento;greek;;Soúrenton
b_sorrento;roman;;Surrentum
d_alvito;d_alvito;;Alvito
d_alvito;d_alvito_adj;;Alvitian
d_alvito;greek;;Samnitis
d_alvito;roman;;Samnium
c_alvito;PROV1114;;Alvito
c_alvito;c_alvito_adj;;Alvitano
b_alvitoabruzzo;b_alvitoabruzzo;;Alvito
b_alvitoabruzzo;b_alvitoabruzzo_adj;;
b_balsorano;b_balsorano;;Balzërana
b_balsorano;b_balsorano_adj;;
b_sora;b_sora;;Sora
b_sora;b_sora_adj;;
b_isolaliri;b_isolaliri;;Isola del Liri
b_isolaliri;b_isolaliri_adj;;
c_celano;PROV1132;;Celano
c_celano;c_celano_adj;;Celanese
c_celano;greek;;Caelanum
c_celano;roman;;Caelanum
b_avezzano;b_avezzano;;Avezzane
b_avezzano;b_avezzano_adj;;
b_valvaabruzzo;b_valvaabruzzo;;Valva
b_valvaabruzzo;b_valvaabruzzo_adj;;
b_valvaabruzzo;greek;;Korphinion
b_valvaabruzzo;roman;;Corfinium
b_celano;b_celano;;Celano
b_celano;b_celano_adj;;
b_celano;greek;;Caelanum
b_celano;roman;;Caelanum
b_sulmona;b_sulmona;;Sulmona
b_sulmona;b_sulmona_adj;;
b_sulmona;greek;;Soulmon
b_sulmona;roman;;Sulmo
b_albe;b_albe;;Albe
b_albe;b_albe_adj;;
b_albe;greek;;Alba Phoukentis
b_albe;roman;;Alba Fucensis
c_manopello;PROV1113;;Manopello
c_manopello;c_manopello_adj;;Lettese
b_manopello;b_manopello;;Manoppello
b_manopello;b_manopello_adj;;
b_civitaluparella;b_civitaluparella;;Civitaluparella
b_civitaluparella;b_civitaluparella_adj;;
d_calabria;d_calabria;;Calabria
d_calabria;d_calabria_adj;;Calabrian
d_calabria;greek;;Kalavrias
d_calabria;roman;;Lucania et Brutii
c_consenza;PROV337;;Tarsia
c_consenza;c_consenza_adj;;Catanzaron
c_consenza;greek;;Konsentia
c_consenza;roman;;Consentia
b_cosenza;b_cosenza;;Cusenza
b_cosenza;b_cosenza_adj;;
b_cosenza;greek;;Konsentia
b_cosenza;roman;;Consentia
b_malvito;b_malvito;;Marvitu
b_malvito;b_malvito_adj;;
b_tarsia_calabria;b_tarsia_calabria;;Tarsia
b_tarsia_calabria;b_tarsia_calabria_adj;;
b_tarsia_calabria;greek;;Tarsos
c_catanzaro;PROV1136;;Catanzaro
c_catanzaro;c_catanzaro_adj;;Catanzarese
c_catanzaro;greek;;Kroton
c_catanzaro;roman;;Croton
b_caccuri;b_caccuri;;Caccuri
b_caccuri;b_caccuri_adj;;
b_rossano;b_rossano;;Russanu
b_rossano;b_rossano_adj;;
b_rossano;greek;;Rusiànon
b_squillace;b_squillace;;Schidaci
b_squillace;b_squillace_adj;;
b_squillace;greek;;Skyllition
b_squillace;roman;;Scylletium
b_catanzaro;b_catanzaro;;Catanzaru
b_catanzaro;b_catanzaro_adj;;
b_catanzaro;greek;;Kroton
b_catanzaro;roman;;Croton
c_reggio;PROV338;;Gerace
c_reggio;c_reggio_adj;;Reggioian
c_reggio;greek;;Rhegion
c_reggio;roman;;Rhegium
b_reggio;b_reggio;;Riggiu
b_reggio;b_reggio_adj;;
b_reggio;greek;;Rhegion
b_reggio;roman;;Rhegium
b_mileto;b_mileto;;Milìtu
b_mileto;b_mileto_adj;;
b_mileto;greek;;Miletos
b_mileto;roman;;Miletus
b_nicotera;b_nicotera;;Nicotra
b_nicotera;b_nicotera_adj;;
b_bova;b_bova;;Bova
b_bova;b_bova_adj;;
b_gerace;b_gerace;;Jeraci
b_gerace;b_gerace_adj;;
b_gerace;greek;;Gerakion
d_sicily;d_sicily;;Sicilia
d_sicily;d_sicily_adj;;Siciliani
d_sicily;andalusian_arabic;;Siqilliyah
d_sicily;bedouin_arabic;;Siqilliyah
d_sicily;egyptian_arabic;;Siqilliyah
d_sicily;greek;;Sikelias
d_sicily;levantine_arabic;;Siqilliyah
d_sicily;maghreb_arabic;;Siqilliyah
d_sicily;sicilian_arabic;;Siqilliyah
d_sicily;name_tier;;count
c_palermo;PROV340;;Palermu
c_palermo;c_palermo_adj;;Palermian
c_palermo;andalusian_arabic;;Balharm
c_palermo;bedouin_arabic;;Balharm
c_palermo;egyptian_arabic;;Balharm
c_palermo;greek;;Panormos
c_palermo;levantine_arabic;;Balharm
c_palermo;maghreb_arabic;;Balharm
c_palermo;sicilian_arabic;;Balharm
b_palermo;b_palermo;;Palermu
b_palermo;b_palermo_adj;;
b_palermo;andalusian_arabic;;Balharm
b_palermo;bedouin_arabic;;Balharm
b_palermo;egyptian_arabic;;Balharm
b_palermo;greek;;Panormos
b_palermo;levantine_arabic;;Balharm
b_palermo;maghreb_arabic;;Balharm
b_palermo;sicilian_arabic;;Balharm
b_cefalu;b_cefalu;;Cifalù
b_cefalu;b_cefalu_adj;;
b_cefalu;greek;;Kefaloídion
b_cefalu;roman;;Cephaloedium
b_monreale;b_monreale;;Murriali
b_monreale;b_monreale_adj;;
b_gratteri;b_gratteri;;Ratteri
b_gratteri;b_gratteri_adj;;
b_misilmeri;b_misilmeri;;Musulumeli
b_misilmeri;b_misilmeri_adj;;
b_mistretta;b_mistretta;;Mistritta
b_mistretta;b_mistretta_adj;;
b_mistretta;greek;;Amestratos
b_mistretta;roman;;Amestratus
b_campofelicedifitalia;b_campofelicedifitalia;;Cifalà Diana
b_campofelicedifitalia;b_campofelicedifitalia_adj;;
c_messina;PROV339;;Messina
c_messina;c_messina_adj;;Messinian
c_messina;andalusian_arabic;;Massinah
c_messina;bedouin_arabic;;Massinah
c_messina;egyptian_arabic;;Massinah
c_messina;greek;;Messene
c_messina;levantine_arabic;;Massinah
c_messina;maghreb_arabic;;Massinah
c_messina;sicilian_arabic;;Massinah
b_messina;b_messina;;Missina
b_messina;b_messina_adj;;
b_messina;andalusian_arabic;;Massinah
b_messina;bedouin_arabic;;Massinah
b_messina;egyptian_arabic;;Massinah
b_messina;greek;;Messene
b_messina;levantine_arabic;;Massinah
b_messina;maghreb_arabic;;Massinah
b_messina;sicilian_arabic;;Massinah
b_lipari;b_lipari;;Lìpari
b_lipari;b_lipari_adj;;
b_lipari;andalusian_arabic;;Libar
b_lipari;bedouin_arabic;;Libar
b_lipari;egyptian_arabic;;Libar
b_lipari;levantine_arabic;;Libar
b_lipari;maghreb_arabic;;Libar
b_lipari;sicilian_arabic;;Libar
b_taormina;b_taormina;;Taurmina
b_taormina;b_taormina_adj;;
b_taormina;andalusian_arabic;;Mu'izziyyah
b_taormina;bedouin_arabic;;Mu'izziyyah
b_taormina;egyptian_arabic;;Mu'izziyyah
b_taormina;greek;;Tauromenion
b_taormina;levantine_arabic;;Mu'izziyyah
b_taormina;maghreb_arabic;;Mu'izziyyah
b_taormina;sicilian_arabic;;Mu'izziyyah
b_milazzu;b_milazzu;;Milazzu
b_milazzu;b_milazzu_adj;;
b_munforti;b_munforti;;Munfotti
b_munforti;b_munforti_adj;;
c_enna;PROV1134;;Castru Jani
c_enna;c_enna_adj;;Ennese
b_gagghianu;b_gagghianu;;Gagghianu
b_gagghianu;b_gagghianu_adj;;
b_troinia;b_troinia;;Traina
b_troinia;b_troinia_adj;;
b_castrojanni;b_castrojanni;;Castru
b_castrojanni;b_castrojanni_adj;;
c_siracusa;PROV343;;Sarausa
c_siracusa;c_siracusa_adj;;Siracusian
c_siracusa;andalusian_arabic;;Siraqusah
c_siracusa;bedouin_arabic;;Siraqusah
c_siracusa;egyptian_arabic;;Siraqusah
c_siracusa;greek;;Syrakousai
c_siracusa;levantine_arabic;;Siraqusah
c_siracusa;maghreb_arabic;;Siraqusah
c_siracusa;sicilian_arabic;;Siraqusah
b_syracusa;b_syracusa;;Sarausa
b_syracusa;b_syracusa_adj;;
b_syracusa;andalusian_arabic;;Siraqusah
b_syracusa;bedouin_arabic;;Siraqusah
b_syracusa;egyptian_arabic;;Siraqusah
b_syracusa;greek;;Syrakousai
b_syracusa;levantine_arabic;;Siraqusah
b_syracusa;maghreb_arabic;;Siraqusah
b_syracusa;sicilian_arabic;;Siraqusah
b_catania;b_catania;;Catania
b_catania;b_catania_adj;;
b_catania;andalusian_arabic;;Qataniyah
b_catania;bedouin_arabic;;Qataniyah
b_catania;egyptian_arabic;;Qataniyah
b_catania;greek;;Katane
b_catania;levantine_arabic;;Qataniyah
b_catania;maghreb_arabic;;Qataniyah
b_catania;sicilian_arabic;;Qataniyah
b_lentini;b_lentini;;Lentini
b_lentini;b_lentini_adj;;
b_lentini;greek;;Leontinoi
b_paterno;b_paterno;;Patennò
b_paterno;b_paterno_adj;;
b_centuripe;b_centuripe;;Centuorbi
b_centuripe;b_centuripe_adj;;
b_manicace;b_manicace;;Maniàci
b_manicace;b_manicace_adj;;
c_modica;PROV1126;;Muòrica
c_modica;c_modica_adj;;Modicano
b_noto;b_noto;;Notu
b_noto;b_noto_adj;;
b_noto;greek;;Neaition
b_chiramontesicily;b_chiramontesicily;;Muntichiaru
b_chiramontesicily;b_chiramontesicily_adj;;
b_caltagirone;b_caltagirone;;Caltaggiruni
b_caltagirone;b_caltagirone_adj;;
b_modica;b_modica;;Muòrica
b_modica;b_modica_adj;;
b_modica;greek;;Mutyce
b_modica;roman;;Mutyce
b_ragusasicily;b_ragusasicily;;Raùsa
b_ragusasicily;b_ragusasicily_adj;;
b_ragusasicily;greek;;Hybla Heraia
b_ragusasicily;roman;;Hybla Heraea
b_ucannni;b_ucannni;;U Canni
b_ucannni;b_ucannni_adj;;
c_agrigento;PROV342;;Girgenti
c_agrigento;c_agrigento_adj;;Girgentian
c_agrigento;andalusian_arabic;;Kerkent
c_agrigento;bedouin_arabic;;Kerkent
c_agrigento;egyptian_arabic;;Kerkent
c_agrigento;greek;;Akragas
c_agrigento;levantine_arabic;;Kerkent
c_agrigento;maghreb_arabic;;Kerkent
b_agricento;b_agricento;;Girgenti
b_agricento;b_agricento_adj;;
b_agricento;andalusian_arabic;;Kerkent
b_agricento;bedouin_arabic;;Kerkent
b_agricento;egyptian_arabic;;Kerkent
b_agricento;greek;;Akragas
b_agricento;levantine_arabic;;Kerkent
b_agricento;maghreb_arabic;;Kerkent
b_canicatti;b_canicatti;;Caniattì
b_canicatti;b_canicatti_adj;;
b_castellodiluna;b_castellodiluna;;Casteddu Luna
b_castellodiluna;b_castellodiluna_adj;;
b_sciacca;b_sciacca;;Sciacca
b_sciacca;b_sciacca_adj;;
b_sciacca;greek;;Thermai
b_sciacca;roman;;Thermae Selinuntinae
c_trapani;PROV341;;Tràpani
c_trapani;c_trapani_adj;;Trapanian
c_trapani;andalusian_arabic;;Mazar
c_trapani;bedouin_arabic;;Mazar
c_trapani;egyptian_arabic;;Mazar
c_trapani;greek;;Drepanon
c_trapani;levantine_arabic;;Mazar
c_trapani;maghreb_arabic;;Mazar
b_trapani;b_trapani;;Tràpani
b_trapani;b_trapani_adj;;
b_trapani;greek;;Drepanon
b_trapani;roman;;Drepanum
b_mazara;b_mazara;;Mazzara
b_mazara;b_mazara_adj;;
b_mazara;andalusian_arabic;;Mazar
b_mazara;bedouin_arabic;;Mazar
b_mazara;egyptian_arabic;;Mazar
b_mazara;levantine_arabic;;Mazar
b_mazara;maghreb_arabic;;Mazar
b_erice;b_erice;;Èrici
b_erice;b_erice_adj;;
b_erice;greek;;Eryx
b_marsala;b_marsala;;Maissala
b_marsala;b_marsala_adj;;
b_marsala;greek;;Lilybaion
b_marsala;roman;;Lilybaeum
b_partanna;b_partanna;;Partanna
b_partanna;b_partanna_adj;;
c_malta;PROV812;;Malta
c_malta;c_malta_adj;;Maltese
b_mdina;b_mdina;;Mdina
b_mdina;b_mdina_adj;;
b_mdina;greek;;Melitta
b_mdina;italian;;Citta Vecchia
b_sliema;b_sliema;;Tas-Sliema
b_sliema;b_sliema_adj;;
b_sanpawl;b_sanpawl;;Il-Gzejjer ta'San Pawl
b_sanpawl;b_sanpawl_adj;;
b_sanpawl;italian;;San Paolo
b_gozo;b_gozo;;Ghawdex
b_gozo;b_gozo_adj;;
b_gozo;andalusian_arabic;;Ghawdesh
b_gozo;bedouin_arabic;;Ghawdesh
b_gozo;egyptian_arabic;;Ghawdesh
b_gozo;greek;;Ogygia
b_gozo;levantine_arabic;;Ghawdesh
b_gozo;maghreb_arabic;;Ghawdesh
k_venice;k_venice;;Venezia
k_venice;k_venice_adj;;Veneti
d_venice;d_venice;;Venezia
d_venice;d_venice_adj;;Veneto
c_venezia;PROV356;;Venezia
c_venezia;c_venezia_adj;;Venezian
b_venezia;b_venezia;;Venexia
b_venezia;b_venezia_adj;;
b_rialto;b_rialto;;Rialto
b_rialto;b_rialto_adj;;
b_pallestrina;b_pallestrina;;Pallestrina
b_pallestrina;b_pallestrina_adj;;
b_chioggia;b_chioggia;;Cióxa
b_chioggia;b_chioggia_adj;;
b_jesolo;b_jesolo;;Gèxolo
b_jesolo;b_jesolo_adj;;
b_murano;b_murano;;Muran
b_murano;b_murano_adj;;
b_torcello;b_torcello;;Torcelo
b_torcello;b_torcello_adj;;
